{"stats":{"minecraft:custom":{"lootr:looted_stat":3,"minecraft:interact_with_furnace":2,"minecraft:mob_kills":11,"minecraft:interact_with_cartography_table":1,"minecraft:interact_with_crafting_table":9,"minecraft:leave_game":5,"minecraft:time_since_death":20142,"minecraft:time_since_rest":17743,"minecraft:waystone_activated":1,"minecraft:sprint_one_cm":155552,"minecraft:damage_taken":1563,"minecraft:walk_one_cm":103655,"minecraft:drop":13,"minecraft:damage_dealt":1268,"minecraft:fly_one_cm":317353,"minecraft:open_chest":1,"minecraft:crouch_one_cm":1020,"minecraft:play_time":45650,"tombstone:undead_killed":3,"minecraft:deaths":3,"minecraft:sneak_time":205,"minecraft:walk_under_water_one_cm":1226,"minecraft:jump":1463,"minecraft:walk_on_water_one_cm":2337,"minecraft:total_world_time":45650,"minecraft:fall_one_cm":47652},"minecraft:picked_up":{"minecraft:birch_log":15,"minecraft:wheat":4,"minecraft:crafting_table":4,"minecraft:potato":3,"minecraft:filled_map":1,"minecraft:oak_log":37,"minecraft:yellow_bed":1,"minecraft:dirt":23,"minecraft:cooked_mutton":3,"minecraft:apple":1,"minecraft:wheat_seeds":19,"minecraft:birch_sapling":1,"minecraft:egg":3,"minecraft:furnace":1,"minecraft:stick":12,"minecraft:torch":2,"minecraft:porkchop":1,"tombstone:grave_dust":2,"minecraft:spruce_sapling":2,"minecraft:carrot":16,"minecraft:spruce_log":6,"minecraft:beetroot_seeds":1,"minecraft:gray_wool":1,"minecraft:oak_sapling":8,"minecraft:mutton":11,"minecraft:black_wool":1,"minecraft:coal":22,"minecraft:white_wool":4,"minecraft:cobblestone":19},"minecraft:dropped":{"minecraft:wheat_seeds":7,"minecraft:filled_map":2,"tombstone:grave_key":1,"minecraft:wooden_axe":1,"minecraft:oak_sapling":6,"minecraft:wooden_pickaxe":1,"minecraft:spruce_sapling":1},"minecraft:killed_by":{"minecraft:skeleton":1,"minecraft:creeper":1},"minecraft:mined":{"minecraft:crafting_table":4,"minecraft:torch":2,"minecraft:spruce_leaves":1,"minecraft:weeping_vines_plant":1,"minecraft:furnace":1,"minecraft:carrots":13,"minecraft:birch_log":15,"minecraft:wheat":6,"minecraft:spruce_log":7,"minecraft:birch_leaves":3,"minecraft:yellow_bed":1,"minecraft:grass":1,"minecraft:oak_log":38,"minecraft:potatoes":3,"minecraft:coal_ore":17,"minecraft:beetroots":1,"minecraft:dirt":1,"minecraft:stone":19,"minecraft:oak_leaves":3},"minecraft:killed":{"minecraft:pig":1,"minecraft:sheep":6,"minecraft:zombie":3,"minecraft:bee":1},"minecraft:crafted":{"minecraft:oak_planks":148,"minecraft:crafting_table":2,"minecraft:wooden_pickaxe":1,"minecraft:furnace":1,"minecraft:birch_planks":60,"minecraft:stone_axe":1,"minecraft:bread":1,"minecraft:stick":8,"minecraft:stone_pickaxe":1,"minecraft:wooden_axe":1,"minecraft:torch":16},"minecraft:used":{"minecraft:cooked_mutton":3,"minecraft:wheat_seeds":14,"minecraft:stone_pickaxe":34,"minecraft:oak_planks":76,"minecraft:wooden_pickaxe":7,"minecraft:white_wool":2,"minecraft:torch":2,"minecraft:dirt":1,"minecraft:crafting_table":5,"minecraft:carrot":10,"minecraft:wooden_axe":2,"minecraft:bread":11,"minecraft:map":3,"minecraft:birch_sapling":1,"minecraft:stone_axe":116,"minecraft:furnace":1,"minecraft:oak_sapling":2,"tombstone:gift":4,"minecraft:yellow_bed":1,"minecraft:potato":6}},"DataVersion":3465}