{"stats":{"minecraft:killed":{"minecraft:witch":2,"minecraft:spider":12,"cataclysm:the_harbinger":1,"minecraft:skeleton":32,"minecraft:chicken":19,"artifacts:mimic":2,"minecraft:piglin":1,"minecraft:pig":6,"minecraft:creeper":10,"minecraft:sheep":22,"minecraft:trader_llama":2,"minecraft:zombie":62,"minecraft:cow":18,"minecraft:horse":3,"minecraft:wandering_trader":1,"minecraft:enderman":2},"minecraft:crafted":{"minecraft:oak_planks":336,"minecraft:cooked_chicken":11,"cataclysm:chiseled_stone_brick_pillar":1,"usefulbackpacks:backpack_small":1,"minecraft:stone":372,"securitycraft:keypad_item":3,"minecraft:bookshelf":4,"minecraft:heavy_weighted_pressure_plate":3,"minecraft:cooked_mutton":19,"minecraft:deepslate_brick_stairs":3,"securitycraft:laser_block":2,"securitycraft:keycard_lv1":1,"minecraft:glass":103,"minecraft:iron_boots":1,"cataclysm:stone_pillar":6,"minecraft:chest":9,"minecraft:iron_door":3,"minecraft:stone_hoe":1,"securitycraft:keypad_door_item":2,"minecraft:item_frame":30,"minecraft:cauldron":1,"minecraft:cooked_porkchop":12,"minecraft:crafting_table":4,"minecraft:spruce_planks":76,"securitycraft:reinforced_stone_button":52,"minecraft:iron_helmet":1,"minecraft:wooden_pickaxe":1,"minecraft:baked_potato":231,"tombstone:decorative_grave_simple":4,"minecraft:birch_planks":124,"minecraft:iron_chestplate":1,"minecraft:paper":126,"minecraft:chiseled_deepslate":1,"minecraft:stick":108,"usefulbackpacks:backpack_large":1,"minecraft:iron_ingot":270,"minecraft:iron_pickaxe":6,"minecraft:stone_sword":1,"minecraft:gold_ingot":14,"securitycraft:whitelist_module":3,"minecraft:deepslate_bricks":1,"minecraft:shears":1,"securitycraft:universal_block_reinforcer_lvl1":2,"minecraft:raw_iron":18,"minecraft:furnace":2,"securitycraft:keypad_frame":2,"minecraft:glass_pane":16,"minecraft:polished_deepslate":1,"securitycraft:universal_block_remover":1,"minecraft:stone_pickaxe":6,"usefulbackpacks:backpack_medium":1,"minecraft:cooked_beef":8,"minecraft:coal_block":28,"minecraft:diamond_sword":1,"securitycraft:universal_block_modifier":1,"minecraft:iron_sword":2,"minecraft:bucket":1,"minecraft:deepslate_tiles":1,"minecraft:stone_axe":1,"minecraft:bread":19,"minecraft:air":0,"securitycraft:door_indestructible_iron_item":2,"minecraft:raw_gold":36,"tombstone:dark_marble":32,"minecraft:wooden_axe":1,"minecraft:iron_shovel":1,"minecraft:iron_leggings":2,"minecraft:white_bed":1,"minecraft:torch":436,"minecraft:diamond_chestplate":1},"minecraft:killed_by":{"minecraft:creeper":3,"minecraft:zombie":2,"minecraft:skeleton":3},"minecraft:used":{"twilightforest:spiral_bricks":1,"minecraft:chiseled_deepslate":1,"minecraft:polished_deepslate":1,"securitycraft:reinforced_black_terracotta":136,"minecraft:iron_shovel":171,"minecraft:polished_blackstone":146,"minecraft:chest":78,"minecraft:stone":738,"minecraft:iron_sword":297,"minecraft:zombie_spawn_egg":4,"minecraft:iron_chestplate":1,"securitycraft:reinforced_stone_brick_wall":34,"securitycraft:keypad_item":3,"minecraft:blue_stained_glass":1,"minecraft:carrot":16,"minecraft:tuff":2,"minecraft:obsidian":882,"minecraft:weeping_vines":96,"enchantinginfuser:advanced_enchanting_infuser":1,"securitycraft:reinforced_deepslate_tiles":6,"minecraft:glass":3,"minecraft:polished_blackstone_slab":1,"tombstone:decorative_grave_simple":9,"minecraft:lava_bucket":1,"minecraft:grass_block":1289,"minecraft:lantern":9,"minecraft:birch_sapling":17,"minecraft:polished_andesite_stairs":116,"minecraft:polished_blackstone_brick_wall":75,"minecraft:iron_helmet":1,"minecraft:stone_brick_stairs":69,"minecraft:stone_bricks":199,"minecraft:item_frame":33,"minecraft:bedrock":55,"minecraft:bow":3,"securitycraft:reinforced_spruce_fence":18,"minecraft:oak_sapling":79,"minecraft:furnace":5,"minecraft:polished_diorite_stairs":5,"minecraft:egg":1,"minecraft:potato":145,"securitycraft:reinforced_stone_button":57,"minecraft:oak_planks":74,"minecraft:stone_pickaxe":786,"minecraft:red_stained_glass":1,"securitycraft:reinforced_spruce_planks":415,"securitycraft:reinforced_stone_brick_slab":22,"minecraft:wooden_pickaxe":18,"securitycraft:keypad_frame":2,"minecraft:sugar_cane":1,"minecraft:diamond_axe":505,"cataclysm:chiseled_stone_brick_pillar":1,"minecraft:oak_leaves":149,"securitycraft:reinforced_stripped_spruce_wood":286,"minecraft:blast_furnace":1,"securitycraft:universal_block_remover":18,"minecraft:stone_brick_wall":31,"minecraft:dripstone_block":3,"minecraft:deepslate_brick_stairs":11,"securitycraft:reinforced_glowstone":1,"minecraft:deepslate_tiles":1,"waystones:waystone":10,"minecraft:crying_obsidian":42,"minecraft:stone_button":2,"minecraft:bread":55,"minecraft:soul_lantern":19,"minecraft:diamond_sword":86,"minecraft:white_stained_glass":7,"minecraft:andesite":40,"minecraft:birch_log":1,"minecraft:golden_pickaxe":32,"camera:image_frame":1,"minecraft:netherite_sword":10,"minecraft:jungle_leaves":3,"minecraft:polished_blackstone_brick_slab":124,"minecraft:iron_bars":84,"minecraft:stone_sword":79,"minecraft:flint_and_steel":1,"securitycraft:reinforced_spruce_button":95,"securitycraft:keypad_door_item":4,"tombstone:fishing_rod_of_misadventure":1,"minecraft:stone_hoe":72,"minecraft:cooked_chicken":11,"minecraft:netherrack":1123,"minecraft:torch":547,"minecraft:dirt":293,"cataclysm:the_harbinger_spawn_egg":1,"minecraft:stone_stairs":12,"minecraft:light_gray_glazed_terracotta":1,"minecraft:granite":2,"minecraft:shroomlight":12,"minecraft:purple_stained_glass_pane":66,"minecraft:stone_brick_slab":32,"minecraft:wooden_axe":15,"minecraft:bookshelf":4,"minecraft:yellow_stained_glass":1,"cataclysm:obsidian_brick_slab":13,"minecraft:iron_block":257,"securitycraft:reinforced_spruce_stairs":2,"securitycraft:universal_block_modifier":5,"minecraft:polished_blackstone_brick_stairs":25,"cataclysm:abyss_eye":2,"minecraft:glowstone":31,"minecraft:basalt":1,"minecraft:gray_glazed_terracotta":297,"minecraft:wolf_spawn_egg":4,"minecraft:lime_stained_glass":1,"securitycraft:reinforced_glass":111,"tombstone:gift":6,"securitycraft:reinforced_stone_brick_stairs":10,"minecraft:cooked_beef":17,"minecraft:cobbled_deepslate":11,"minecraft:iron_leggings":1,"minecraft:brown_bed":1,"minecraft:wheat_seeds":31,"minecraft:cooked_mutton":19,"minecraft:water_bucket":20,"securitycraft:reinforced_oak_planks":64,"minecraft:cobblestone_stairs":7,"minecraft:birch_planks":81,"minecraft:baked_potato":107,"lootr:lootr_chest":5,"cataclysm:lionfish_spawn_egg":1,"minecraft:beacon":7,"minecraft:cobblestone_slab":13,"minecraft:deepslate_bricks":8,"minecraft:polished_blackstone_bricks":380,"minecraft:gilded_blackstone":9,"cataclysm:stone_pillar":9,"securitycraft:reinforced_stone_bricks":331,"minecraft:crafting_table":10,"minecraft:red_bed":1,"cataclysm:music_disc_the_harbinger":1,"securitycraft:reinforced_jungle_planks":1,"minecraft:white_bed":2,"minecraft:smoker":1,"tombstone:bag_of_seeds":1,"minecraft:oak_log":58,"minecraft:diamond_pickaxe":105,"minecraft:warped_trapdoor":16,"minecraft:diamond_shovel":32,"minecraft:command_block":25,"waystones:mossy_waystone":1,"minecraft:iron_pickaxe":1594,"minecraft:stone_slab":8,"minecraft:spruce_trapdoor":6,"minecraft:stone_axe":40,"enchantinginfuser:enchanting_infuser":1,"minecraft:cobblestone":279,"minecraft:cooked_porkchop":12,"minecraft:bucket":21,"minecraft:chain_command_block":1,"minecraft:yellow_bed":3,"minecraft:jukebox":1,"minecraft:smooth_stone":284,"minecraft:chainmail_leggings":1},"minecraft:custom":{"lootr:looted_stat":76,"minecraft:interact_with_crafting_table":95,"minecraft:eat_cake_slice":1,"minecraft:leave_game":34,"minecraft:time_since_death":469837,"minecraft:damage_resisted":148,"minecraft:sprint_one_cm":2327425,"minecraft:drop":76,"minecraft:talked_to_villager":2,"minecraft:play_time":1737636,"minecraft:deaths":13,"minecraft:jump":21717,"minecraft:walk_on_water_one_cm":50590,"minecraft:enchant_item":9,"minecraft:interact_with_furnace":138,"minecraft:play_record":1,"minecraft:sleep_in_bed":15,"minecraft:waystone_activated":18,"minecraft:damage_dealt":35260,"minecraft:interact_with_beacon":12,"minecraft:player_kills":1,"minecraft:crouch_one_cm":23809,"tombstone:undead_killed":94,"tombstone:villager_killed":1,"minecraft:interact_with_smoker":25,"minecraft:horse_one_cm":9180,"minecraft:mob_kills":197,"minecraft:interact_with_anvil":1,"minecraft:climb_one_cm":2414,"minecraft:walk_one_cm":3421433,"tombstone:consume_soul":2,"minecraft:sneak_time":14815,"minecraft:walk_under_water_one_cm":48481,"minecraft:interact_with_blast_furnace":14,"minecraft:total_world_time":1737636,"tombstone:raider_killed":2,"minecraft:interact_with_stonecutter":15,"tombstone:free_soul":5,"minecraft:time_since_rest":125979,"minecraft:damage_taken":12678,"minecraft:swim_one_cm":72210,"minecraft:fly_one_cm":11388443,"minecraft:open_chest":501,"minecraft:fall_one_cm":1306628},"minecraft:broken":{"minecraft:iron_boots":1,"minecraft:iron_leggings":1,"minecraft:stone_pickaxe":6,"minecraft:iron_sword":1,"securitycraft:universal_block_reinforcer_lvl1":1,"minecraft:iron_pickaxe":6,"minecraft:golden_pickaxe":1},"minecraft:mined":{"minecraft:spruce_planks":8,"minecraft:oak_sapling":1,"minecraft:brewing_stand":1,"cataclysm:stone_pillar":4,"minecraft:granite":14,"minecraft:grass_block":47,"minecraft:deepslate_bricks":2,"minecraft:spawner":2,"minecraft:glowstone":35,"minecraft:iron_ore":273,"minecraft:fire":1,"minecraft:deepslate_lapis_ore":10,"minecraft:deepslate_brick_stairs":3,"minecraft:deepslate_redstone_ore":17,"minecraft:smoker":1,"minecraft:torch":12,"minecraft:blast_furnace":1,"minecraft:chest":70,"minecraft:nether_quartz_ore":51,"minecraft:cobblestone":52,"minecraft:sugar_cane":74,"minecraft:wall_torch":33,"minecraft:birch_log":104,"minecraft:wheat":32,"minecraft:stone_brick_stairs":7,"minecraft:grass":36,"minecraft:oak_log":204,"minecraft:sand":147,"minecraft:dirt":22,"minecraft:netherrack":4,"minecraft:deepslate":154,"minecraft:nether_gold_ore":7,"minecraft:deepslate_tiles":1,"minecraft:tuff":9,"minecraft:dark_oak_leaves":1,"minecraft:deepslate_diamond_ore":6,"cataclysm:chiseled_stone_brick_pillar":2,"minecraft:large_fern":1,"minecraft:furnace":2,"minecraft:carrots":4,"minecraft:snow":2,"minecraft:andesite":287,"minecraft:chiseled_deepslate":1,"minecraft:polished_deepslate":1,"minecraft:potatoes":100,"minecraft:deepslate_iron_ore":55,"minecraft:rail":1,"minecraft:stone":1139,"minecraft:smithing_table":1,"minecraft:crafting_table":7,"minecraft:tall_grass":1,"minecraft:copper_ore":2,"minecraft:lapis_ore":8,"minecraft:deepslate_gold_ore":53,"minecraft:diorite":25,"minecraft:birch_planks":10,"minecraft:yellow_bed":2,"minecraft:coal_ore":272,"minecraft:gravel":6,"minecraft:dripstone_block":3,"minecraft:cobweb":3,"minecraft:chipped_anvil":2,"minecraft:gold_ore":15},"minecraft:picked_up":{"minecraft:chiseled_deepslate":1,"minecraft:iron_chestplate":3,"minecraft:wheat":32,"securitycraft:laser_block":1,"minecraft:smithing_table":1,"minecraft:lead":2,"minecraft:potion":1,"minecraft:stone_brick_stairs":6,"tombstone:grave_key":1,"cataclysm:abyss_eye":2,"minecraft:brewing_stand":1,"securitycraft:reinforced_oak_planks":64,"minecraft:polished_deepslate":1,"minecraft:string":37,"minecraft:raw_copper":14,"minecraft:iron_leggings":2,"minecraft:armor_stand":2,"minecraft:deepslate_tiles":1,"minecraft:gold_nugget":28,"minecraft:cobbled_deepslate":189,"minecraft:spruce_planks":8,"minecraft:iron_pickaxe":3,"minecraft:furnace":2,"minecraft:iron_boots":2,"minecraft:golden_helmet":1,"minecraft:stick":92,"minecraft:oak_fence":2,"minecraft:torch":63,"cataclysm:chiseled_stone_brick_pillar":1,"minecraft:porkchop":13,"tombstone:grave_dust":36,"minecraft:diorite":25,"tombstone:tablet_of_cupidity":1,"minecraft:rotten_flesh":46,"minecraft:glowstone":35,"minecraft:deepslate_brick_stairs":3,"cataclysm:stone_pillar":3,"minecraft:snowball":8,"minecraft:cobblestone":1501,"minecraft:birch_log":102,"cataclysm:music_disc_the_harbinger":1,"minecraft:feather":19,"minecraft:cooked_beef":13,"minecraft:andesite":294,"minecraft:smoker":1,"minecraft:potato":365,"minecraft:tuff":10,"artifacts:pickaxe_heater":1,"minecraft:lapis_lazuli":113,"minecraft:dirt":119,"minecraft:name_tag":1,"minecraft:glass":128,"minecraft:bone":40,"minecraft:chipped_anvil":2,"minecraft:bow":4,"minecraft:wheat_seeds":132,"minecraft:raw_gold":68,"minecraft:rabbit":1,"minecraft:glowstone_dust":2,"camera:image":1,"minecraft:oak_planks":211,"minecraft:poisonous_potato":1,"minecraft:sand":153,"securitycraft:reinforced_stone":75,"artifacts:plastic_drinking_hat":1,"minecraft:bundle":3,"minecraft:diamond":6,"waystones:waystone":5,"minecraft:granite":21,"minecraft:emerald":2,"minecraft:bread":11,"minecraft:oak_sapling":88,"minecraft:netherrack":4,"minecraft:diamond_pickaxe":4,"minecraft:crafting_table":7,"minecraft:chicken":19,"minecraft:shield":1,"minecraft:beef":39,"minecraft:sugar_cane":137,"minecraft:chest":70,"minecraft:birch_sapling":17,"minecraft:egg":9,"minecraft:raw_iron":316,"minecraft:copper_ingot":4,"cataclysm:witherite_block":1,"artifacts:vampiric_glove":1,"minecraft:stone_button":2,"minecraft:carrot":15,"minecraft:redstone":298,"securitycraft:reinforced_glowstone":1,"minecraft:weeping_vines":14,"tombstone:lost_tablet":2,"minecraft:arrow":178,"minecraft:golden_hoe":1,"minecraft:deepslate_bricks":2,"securitycraft:reinforced_stone_bricks":119,"tombstone:fishing_rod_of_misadventure":3,"tombstone:essence_of_undeath":3,"minecraft:gold_ingot":14,"minecraft:mutton":33,"securitycraft:keypad_door_item":2,"minecraft:white_wool":22,"minecraft:rail":3,"minecraft:basalt":1,"minecraft:glow_ink_sac":8,"minecraft:leather":28,"minecraft:birch_planks":10,"artifacts:onion_ring":1,"minecraft:oak_log":331,"minecraft:yellow_bed":3,"minecraft:gunpowder":17,"artifacts:cloud_in_a_bottle":2,"minecraft:paper":14,"minecraft:cooked_mutton":5,"minecraft:apple":10,"minecraft:rabbit_hide":1,"artifacts:whoopee_cushion":3,"minecraft:iron_ingot":12,"tombstone:bag_of_seeds":1,"minecraft:book":16,"minecraft:quartz":49,"minecraft:dandelion":1,"minecraft:dripstone_block":3,"minecraft:gravel":12,"tombstone:decorative_subaraki_grave":89,"minecraft:blast_furnace":1,"minecraft:white_bed":1,"minecraft:spider_eye":5,"securitycraft:whitelist_module":1,"minecraft:iron_helmet":3,"minecraft:diamond_axe":2,"tombstone:magic_scroll":3,"securitycraft:keypad":2,"minecraft:black_wool":1,"minecraft:coal":712,"minecraft:ender_pearl":1},"minecraft:dropped":{"minecraft:oak_log":128,"artifacts:cloud_in_a_bottle":2,"minecraft:leather":19,"minecraft:emerald":8,"minecraft:dirt":1,"minecraft:iron_pickaxe":1,"minecraft:gravel":2,"minecraft:sugar_cane":17,"minecraft:cobbled_deepslate":34,"minecraft:rotten_flesh":22,"minecraft:oak_planks":192,"minecraft:rabbit_hide":1,"minecraft:beef":7,"minecraft:glass":128,"minecraft:wheat_seeds":49,"minecraft:cobblestone":258,"minecraft:book":1,"artifacts:whoopee_cushion":2,"minecraft:grass_block":1,"minecraft:coal":384,"securitycraft:laser_block":1,"tombstone:grave_key":1,"minecraft:wooden_axe":1,"tombstone:fishing_rod_of_misadventure":2,"tombstone:lost_tablet":2,"minecraft:chainmail_leggings":1,"minecraft:paper":18,"minecraft:string":66,"minecraft:redstone":192,"minecraft:stone_sword":1,"minecraft:stone":51,"minecraft:bundle":2,"minecraft:diamond_pickaxe":1,"minecraft:andesite":111,"artifacts:pickaxe_heater":1,"minecraft:wooden_pickaxe":1,"minecraft:raw_gold":1,"tombstone:tablet_of_cupidity":1}},"DataVersion":3465}