{"stats":{"minecraft:used":{"minecraft:cooked_mutton":3,"minecraft:stone_sword":46,"minecraft:stone_pickaxe":91,"minecraft:oak_planks":109,"minecraft:chest":1,"minecraft:wooden_pickaxe":9,"minecraft:oak_door":3,"minecraft:torch":4,"minecraft:crafting_table":4,"minecraft:white_bed":1,"minecraft:wooden_axe":62,"minecraft:stone_axe":19,"minecraft:wooden_sword":17,"minecraft:cobblestone":29,"minecraft:furnace":1},"minecraft:dropped":{"minecraft:cooked_mutton":1,"tombstone:grave_key":4},"minecraft:crafted":{"minecraft:wooden_sword":3,"minecraft:oak_door":3,"minecraft:oak_planks":136,"minecraft:crafting_table":3,"minecraft:wooden_pickaxe":1,"minecraft:cooked_chicken":3,"minecraft:furnace":1,"minecraft:oak_wood":3,"minecraft:birch_planks":20,"minecraft:stone_axe":1,"minecraft:cooked_mutton":4,"minecraft:stick":14,"minecraft:iron_ingot":5,"minecraft:stone_pickaxe":2,"minecraft:wooden_axe":1,"minecraft:stone_sword":1,"minecraft:chest":1,"minecraft:torch":4},"minecraft:killed_by":{"minecraft:player":1,"minecraft:skeleton":5,"minecraft:zombie":2},"minecraft:mined":{"minecraft:white_bed":1,"minecraft:oak_door":1,"minecraft:crafting_table":1,"minecraft:torch":1,"minecraft:blast_furnace":1,"minecraft:grass_block":5,"minecraft:copper_ore":10,"minecraft:tall_grass":5,"minecraft:cobblestone":6,"minecraft:oak_planks":23,"minecraft:diorite":7,"minecraft:wall_torch":1,"minecraft:birch_log":5,"minecraft:iron_ore":5,"minecraft:wheat":3,"minecraft:birch_leaves":2,"minecraft:grass":38,"minecraft:oak_log":50,"minecraft:coal_ore":14,"minecraft:oak_stairs":2,"minecraft:gravel":2,"minecraft:sand":11,"minecraft:stone":55,"minecraft:oak_leaves":9,"minecraft:spruce_slab":3},"minecraft:killed":{"minecraft:sheep":6,"minecraft:zombie":2,"minecraft:chicken":4},"minecraft:custom":{"minecraft:interact_with_furnace":5,"minecraft:mob_kills":12,"minecraft:interact_with_crafting_table":16,"minecraft:leave_game":7,"minecraft:time_since_death":55,"minecraft:sleep_in_bed":1,"minecraft:time_since_rest":1,"minecraft:waystone_activated":2,"minecraft:sprint_one_cm":142381,"minecraft:damage_taken":2654,"minecraft:walk_one_cm":293623,"minecraft:drop":5,"minecraft:damage_dealt":1167,"minecraft:swim_one_cm":2835,"minecraft:talked_to_villager":1,"minecraft:fly_one_cm":35793,"minecraft:open_chest":4,"minecraft:play_time":101895,"tombstone:undead_killed":2,"minecraft:deaths":9,"minecraft:walk_under_water_one_cm":2454,"minecraft:jump":789,"minecraft:walk_on_water_one_cm":3786,"minecraft:total_world_time":101895,"minecraft:fall_one_cm":16910},"minecraft:picked_up":{"minecraft:birch_log":5,"minecraft:wheat":2,"minecraft:crafting_table":1,"minecraft:feather":6,"minecraft:chicken":4,"minecraft:oak_stairs":2,"minecraft:flint":1,"minecraft:oak_log":50,"tombstone:grave_key":3,"minecraft:dirt":5,"minecraft:raw_copper":40,"minecraft:cooked_mutton":1,"minecraft:apple":1,"minecraft:wheat_seeds":13,"minecraft:stone_pickaxe":1,"tombstone:bag_of_seeds":1,"minecraft:spruce_slab":4,"minecraft:oak_planks":23,"minecraft:egg":5,"minecraft:stick":11,"minecraft:raw_iron":5,"minecraft:oak_door":1,"minecraft:torch":2,"minecraft:gravel":1,"minecraft:sand":11,"minecraft:blast_furnace":1,"minecraft:diorite":7,"minecraft:white_bed":1,"minecraft:stone_sword":1,"minecraft:rotten_flesh":5,"minecraft:gray_wool":1,"minecraft:oak_sapling":4,"minecraft:mutton":9,"minecraft:coal":14,"minecraft:white_wool":5,"minecraft:cobblestone":58}},"DataVersion":3465}