{"stats":{"minecraft:used":{"minecraft:moss_block":2,"minecraft:spruce_slab":17,"minecraft:chest":15,"minecraft:shield":95,"minecraft:rotten_flesh":8,"minecraft:iron_chestplate":1,"minecraft:carrot":86,"minecraft:tuff":2,"minecraft:axolotl_bucket":2,"minecraft:snowball":5,"minecraft:spruce_boat":1,"minecraft:iron_helmet":1,"minecraft:stone_brick_stairs":1,"minecraft:stone_bricks":1,"minecraft:bow":24,"minecraft:furnace":7,"minecraft:egg":4,"minecraft:potato":160,"minecraft:dark_oak_sapling":4,"minecraft:diorite":7,"minecraft:leather_leggings":2,"minecraft:stone_pickaxe":103,"minecraft:oak_planks":118,"minecraft:composter":1,"minecraft:sugar_cane":35,"minecraft:diamond_axe":581,"minecraft:glow_berries":5,"minecraft:blast_furnace":1,"waystones:waystone":7,"minecraft:dark_oak_log":1,"minecraft:bread":29,"minecraft:gravel":1,"minecraft:diamond_sword":22,"minecraft:grindstone":4,"minecraft:smithing_table":1,"minecraft:andesite":19,"minecraft:oak_boat":1,"minecraft:bone_meal":60,"minecraft:experience_bottle":1,"minecraft:oak_trapdoor":10,"minecraft:armor_stand":2,"minecraft:stone_shovel":73,"minecraft:spruce_planks":66,"minecraft:stone_hoe":159,"minecraft:cooked_chicken":1,"minecraft:torch":359,"minecraft:dirt":153,"minecraft:granite":19,"minecraft:iron_axe":759,"minecraft:rooted_dirt":5,"tombstone:gift":8,"minecraft:cooked_beef":16,"minecraft:cobbled_deepslate":121,"minecraft:golden_axe":21,"minecraft:iron_leggings":2,"minecraft:cooked_mutton":11,"minecraft:water_bucket":49,"minecraft:amethyst_block":3,"minecraft:baked_potato":49,"minecraft:fletching_table":10,"tombstone:scroll_of_feather_fall":2,"minecraft:crafting_table":20,"minecraft:white_bed":3,"minecraft:oak_log":1,"tombstone:bag_of_seeds":2,"minecraft:diamond_pickaxe":522,"minecraft:apple":3,"minecraft:iron_pickaxe":596,"minecraft:stone_slab":2,"minecraft:spruce_sapling":4,"minecraft:stone_axe":254,"minecraft:cobblestone":163,"minecraft:cooked_porkchop":14,"minecraft:bucket":53,"minecraft:diamond_leggings":1},"minecraft:dropped":{"minecraft:iron_sword":3,"minecraft:moss_block":1,"minecraft:brown_mushroom":1,"minecraft:diamond_axe":8,"minecraft:golden_pickaxe":1,"minecraft:diamond":1,"minecraft:cooked_porkchop":1,"minecraft:crossbow":2,"minecraft:leather":5,"minecraft:iron_horse_armor":1,"minecraft:saddle":1,"minecraft:emerald":1,"minecraft:dirt":1,"minecraft:raw_copper_block":7,"minecraft:iron_pickaxe":4,"minecraft:dark_oak_planks":2,"minecraft:bone":2,"minecraft:gravel":2,"minecraft:stone_axe":11,"minecraft:sugar_cane":17,"minecraft:cooked_chicken":1,"minecraft:wheat":14,"minecraft:rotten_flesh":14,"minecraft:light_gray_carpet":3,"minecraft:cooked_mutton":22,"minecraft:golden_shovel":1,"minecraft:leather_boots":1,"minecraft:leather_leggings":1,"minecraft:arrow":97,"tombstone:scroll_of_feather_fall":1,"minecraft:wheat_seeds":11,"minecraft:poisonous_potato":2,"minecraft:iron_helmet":7,"minecraft:book":16,"artifacts:whoopee_cushion":1,"minecraft:coal":47,"minecraft:gray_wool":1,"minecraft:torch":2,"tombstone:grave_dust":17,"minecraft:dead_bush":1,"minecraft:iron_leggings":2,"minecraft:iron_axe":12,"minecraft:string":5,"minecraft:spruce_sapling":30,"minecraft:stone_sword":1,"minecraft:clay_ball":13,"minecraft:iron_boots":2,"tombstone:scroll_of_purification":1,"minecraft:pumpkin_seeds":5,"minecraft:big_dripleaf":1,"minecraft:iron_chestplate":2,"minecraft:diamond_pickaxe":3,"minecraft:yellow_bed":1,"minecraft:oak_sapling":12,"tombstone:essence_of_undeath":1,"minecraft:bow":9,"minecraft:stone_pickaxe":1},"minecraft:crafted":{"minecraft:grindstone":2,"minecraft:oak_planks":192,"usefulbackpacks:backpack_small":1,"minecraft:stone":3,"minecraft:diamond_shovel":1,"minecraft:cooked_mutton":28,"minecraft:diamond_helmet":3,"minecraft:bow":10,"minecraft:diamond_leggings":3,"minecraft:iron_boots":2,"minecraft:chest":1,"minecraft:stone_hoe":2,"minecraft:raw_iron_block":12,"minecraft:emerald":266,"minecraft:arrow":308,"minecraft:diamond_axe":9,"minecraft:crafting_table":11,"minecraft:spruce_planks":1940,"minecraft:iron_helmet":11,"minecraft:baked_potato":86,"minecraft:smithing_table":1,"minecraft:fletching_table":2,"minecraft:gold_block":5,"minecraft:iron_chestplate":1,"minecraft:diamond_pickaxe":4,"minecraft:shield":10,"minecraft:stick":4869,"minecraft:stone_slab":6,"usefulbackpacks:backpack_large":1,"minecraft:iron_ingot":206,"minecraft:iron_pickaxe":7,"minecraft:iron_block":13,"minecraft:gold_ingot":27,"minecraft:raw_iron":126,"minecraft:stone_shovel":1,"minecraft:furnace":2,"minecraft:bone_meal":60,"minecraft:oak_trapdoor":16,"minecraft:iron_axe":14,"minecraft:spruce_slab":12,"minecraft:diamond_boots":3,"usefulbackpacks:backpack_medium":1,"minecraft:spruce_boat":1,"minecraft:redstone_block":26,"minecraft:dark_oak_planks":588,"minecraft:cooked_beef":26,"minecraft:crossbow":3,"minecraft:diamond_sword":4,"minecraft:iron_sword":3,"minecraft:bell":6,"minecraft:bucket":1,"minecraft:stone_axe":11,"minecraft:bread":1,"minecraft:air":0,"minecraft:oak_boat":1,"minecraft:iron_leggings":2,"minecraft:white_bed":1,"minecraft:torch":244,"minecraft:lapis_block":27,"minecraft:diamond_chestplate":3},"minecraft:broken":{"minecraft:stone_axe":1,"minecraft:stone_shovel":1,"minecraft:stone_hoe":1,"minecraft:shield":2,"minecraft:golden_axe":1,"minecraft:iron_axe":3,"minecraft:iron_pickaxe":1,"minecraft:iron_helmet":2},"minecraft:killed_by":{"artifacts:mimic":1,"minecraft:skeleton":4},"minecraft:mined":{"minecraft:dark_oak_planks":2,"minecraft:large_amethyst_bud":2,"minecraft:spruce_planks":30,"minecraft:white_bed":2,"minecraft:spruce_trapdoor":2,"minecraft:granite":19,"minecraft:grass_block":57,"minecraft:composter":3,"minecraft:spawner":5,"minecraft:raw_iron_block":2,"minecraft:iron_ore":124,"minecraft:cobbled_deepslate":25,"minecraft:fletching_table":9,"minecraft:deepslate_lapis_ore":9,"minecraft:cave_vines":1,"minecraft:dirt_path":1,"minecraft:small_amethyst_bud":1,"minecraft:spruce_slab":5,"minecraft:deepslate_redstone_ore":55,"minecraft:amethyst_cluster":2,"minecraft:torch":11,"minecraft:blast_furnace":1,"minecraft:chest":13,"minecraft:cobblestone":66,"minecraft:grindstone":2,"minecraft:sugar_cane":94,"minecraft:oak_planks":22,"minecraft:wall_torch":6,"minecraft:amethyst_block":1,"minecraft:deepslate_copper_ore":1,"minecraft:stone_brick_stairs":1,"minecraft:grass":56,"minecraft:oak_log":35,"minecraft:dirt":75,"minecraft:smooth_basalt":4,"minecraft:netherrack":1,"minecraft:deepslate":371,"minecraft:tuff":50,"minecraft:candle_cake":1,"minecraft:mossy_cobblestone":1,"minecraft:deepslate_diamond_ore":21,"minecraft:dark_oak_log":148,"minecraft:spruce_leaves":10,"minecraft:moss_block":3,"minecraft:rooted_dirt":5,"minecraft:large_fern":3,"minecraft:furnace":5,"minecraft:carrots":26,"minecraft:andesite":16,"minecraft:gold_block":3,"minecraft:potatoes":138,"minecraft:deepslate_iron_ore":79,"minecraft:rail":7,"minecraft:stone":169,"minecraft:flowering_azalea":1,"minecraft:spruce_door":3,"minecraft:crafting_table":10,"minecraft:tall_grass":12,"minecraft:copper_ore":6,"minecraft:lapis_ore":22,"minecraft:deepslate_gold_ore":17,"minecraft:diorite":14,"minecraft:spruce_stairs":1,"minecraft:purple_bed":1,"minecraft:spruce_log":727,"minecraft:yellow_bed":1,"minecraft:coal_ore":67,"minecraft:gravel":58,"minecraft:stone_bricks":1,"minecraft:gold_ore":10,"minecraft:fern":4},"minecraft:picked_up":{"minecraft:enchanted_book":3,"minecraft:stone_brick_stairs":1,"minecraft:amethyst_block":3,"minecraft:string":275,"minecraft:raw_copper":28,"minecraft:armor_stand":2,"minecraft:cobbled_deepslate":412,"minecraft:spruce_planks":30,"minecraft:furnace":5,"minecraft:stick":145,"minecraft:composter":3,"minecraft:big_dripleaf":1,"minecraft:torch":31,"minecraft:porkchop":27,"tombstone:grave_dust":14,"minecraft:diorite":14,"minecraft:rotten_flesh":102,"minecraft:tropical_fish":1,"artifacts:villager_hat":1,"minecraft:snowball":5,"minecraft:cobblestone":229,"minecraft:andesite":16,"minecraft:brown_wool":1,"minecraft:potato":312,"minecraft:flint":8,"minecraft:tuff":44,"minecraft:lapis_lazuli":257,"minecraft:dirt":185,"minecraft:bone":28,"minecraft:wheat_seeds":14,"minecraft:raw_gold":38,"minecraft:grindstone":2,"minecraft:fletching_table":9,"minecraft:glowstone_dust":2,"minecraft:moss_block":3,"minecraft:oak_planks":22,"minecraft:cooked_porkchop":15,"minecraft:poisonous_potato":2,"tombstone:scroll_of_feather_fall":2,"minecraft:dark_oak_log":148,"minecraft:mossy_cobblestone":1,"minecraft:bundle":1,"minecraft:diamond":36,"waystones:waystone":8,"minecraft:granite":19,"minecraft:bone_meal":19,"minecraft:emerald":57,"minecraft:rooted_dirt":4,"minecraft:oak_sapling":12,"minecraft:netherrack":1,"minecraft:crafting_table":10,"minecraft:clay_ball":13,"minecraft:leather_leggings":1,"minecraft:brown_mushroom":1,"minecraft:gold_block":3,"tombstone:scroll_of_preservation":1,"artifacts:feral_claws":1,"minecraft:beef":17,"minecraft:spruce_slab":6,"minecraft:sugar_cane":166,"minecraft:chest":12,"minecraft:spruce_trapdoor":2,"minecraft:egg":1,"minecraft:dark_oak_sapling":23,"minecraft:raw_iron":250,"minecraft:carrot":85,"minecraft:redstone":235,"minecraft:iron_horse_armor":1,"tombstone:scroll_of_purification":2,"minecraft:dark_oak_planks":2,"minecraft:arrow":21,"artifacts:cross_necklace":1,"minecraft:saddle":1,"tombstone:essence_of_undeath":1,"minecraft:mutton":35,"minecraft:white_wool":22,"minecraft:rail":9,"minecraft:leather":36,"artifacts:onion_ring":1,"minecraft:oak_log":34,"minecraft:gunpowder":8,"minecraft:yellow_bed":1,"artifacts:cloud_in_a_bottle":1,"tombstone:gift":1,"minecraft:cooked_mutton":5,"minecraft:apple":3,"minecraft:stone_bricks":1,"artifacts:whoopee_cushion":1,"minecraft:iron_ingot":5,"minecraft:cooked_chicken":2,"tombstone:bag_of_seeds":1,"minecraft:glass_bottle":1,"minecraft:flowering_azalea":1,"minecraft:smooth_basalt":4,"minecraft:raw_iron_block":2,"minecraft:gravel":51,"minecraft:amethyst_shard":12,"minecraft:spruce_sapling":174,"minecraft:blast_furnace":1,"minecraft:white_bed":2,"minecraft:spruce_log":717,"minecraft:spruce_door":3,"minecraft:spider_eye":3,"minecraft:pumpkin_seeds":5,"minecraft:stone_axe":1,"minecraft:gray_wool":1,"tombstone:magic_scroll":1,"minecraft:coal":139},"minecraft:killed":{"minecraft:cave_spider":7,"minecraft:witch":1,"minecraft:spider":14,"minecraft:skeleton":27,"artifacts:mimic":2,"minecraft:pig":9,"minecraft:zombie_villager":2,"minecraft:creeper":6,"minecraft:sheep":22,"minecraft:pillager":2,"minecraft:zombie":110,"minecraft:cow":9,"mowziesmobs:naga":1,"minecraft:horse":4},"minecraft:custom":{"lootr:looted_stat":69,"minecraft:interact_with_crafting_table":64,"minecraft:leave_game":95,"minecraft:time_since_death":382579,"minecraft:damage_resisted":20,"minecraft:sprint_one_cm":1200230,"minecraft:damage_blocked_by_shield":4590,"minecraft:drop":124,"minecraft:talked_to_villager":246,"minecraft:play_time":700523,"minecraft:deaths":5,"minecraft:jump":8143,"minecraft:walk_on_water_one_cm":55878,"minecraft:enchant_item":9,"minecraft:interact_with_furnace":89,"minecraft:traded_with_villager":378,"minecraft:interact_with_cartography_table":1,"minecraft:sleep_in_bed":23,"minecraft:waystone_activated":13,"tombstone:sneak_grave":3,"minecraft:damage_dealt":37237,"minecraft:crouch_one_cm":15893,"tombstone:undead_killed":139,"minecraft:interact_with_smoker":7,"minecraft:horse_one_cm":974408,"minecraft:interact_with_smithing_table":2,"minecraft:mob_kills":228,"minecraft:interact_with_campfire":12,"minecraft:climb_one_cm":715,"minecraft:walk_one_cm":1901693,"minecraft:sneak_time":7465,"minecraft:walk_under_water_one_cm":21425,"minecraft:boat_one_cm":246503,"minecraft:interact_with_blast_furnace":13,"minecraft:total_world_time":700523,"tombstone:raider_killed":3,"minecraft:interact_with_grindstone":20,"minecraft:time_since_rest":9688,"minecraft:damage_taken":8332,"minecraft:swim_one_cm":29725,"minecraft:fly_one_cm":1314395,"minecraft:open_chest":190,"minecraft:fall_one_cm":232393}},"DataVersion":3465}