{"stats":{"minecraft:killed":{"minecraft:cave_spider":14,"minecraft:witch":1,"minecraft:spider":11,"mowziesmobs:frostmaw":1,"minecraft:skeleton":35,"minecraft:chicken":8,"cataclysm:modern_remnant":1,"artifacts:mimic":1,"minecraft:magma_cube":1,"minecraft:piglin":3,"minecraft:pig":13,"minecraft:creeper":7,"minecraft:sheep":5,"minecraft:pillager":9,"minecraft:zombie":117,"minecraft:donkey":1,"minecraft:cow":26,"minecraft:drowned":8,"minecraft:bat":1,"minecraft:enderman":2},"minecraft:crafted":{"minecraft:brick":120,"minecraft:oak_planks":632,"minecraft:cooked_chicken":7,"usefulbackpacks:backpack_small":1,"minecraft:stone":163,"minecraft:bookshelf":11,"minecraft:stone_brick_slab":82,"minecraft:iron_boots":2,"minecraft:chest":62,"minecraft:bricks":28,"minecraft:stone_bricks":109,"minecraft:oak_fence":48,"enchantinginfuser:enchanting_infuser":1,"minecraft:crafting_table":6,"minecraft:spruce_planks":44,"minecraft:iron_helmet":2,"minecraft:wooden_pickaxe":1,"minecraft:baked_potato":33,"minecraft:birch_planks":136,"minecraft:stone_brick_stairs":10,"minecraft:spruce_trapdoor":8,"minecraft:iron_chestplate":1,"minecraft:book":23,"minecraft:paper":15,"minecraft:diamond_pickaxe":1,"minecraft:shield":2,"minecraft:stone_slab":18,"minecraft:stick":88,"usefulbackpacks:backpack_large":1,"minecraft:iron_ingot":112,"minecraft:iron_pickaxe":1,"minecraft:stone_sword":1,"tombstone:fishing_rod_of_misadventure":1,"minecraft:shears":1,"minecraft:stone_shovel":3,"minecraft:furnace":2,"minecraft:bone_meal":18,"minecraft:stone_pickaxe":7,"usefulbackpacks:backpack_medium":1,"minecraft:brick_slab":54,"minecraft:wheat":99,"minecraft:cooked_beef":51,"minecraft:cooked_cod":37,"minecraft:enchanting_table":1,"minecraft:iron_sword":4,"minecraft:cooked_salmon":27,"minecraft:bucket":1,"minecraft:stone_axe":1,"minecraft:bread":36,"minecraft:air":0,"minecraft:iron_leggings":2,"minecraft:stonecutter":2,"minecraft:torch":68},"minecraft:killed_by":{"minecraft:creeper":5,"minecraft:cave_spider":2,"minecraft:witch":1,"minecraft:zombie":3,"minecraft:spider":1,"minecraft:skeleton":10,"minecraft:phantom":1},"minecraft:used":{"minecraft:peony":8,"securitycraft:reinforced_polished_blackstone_stairs":21,"minecraft:poppy":5,"minecraft:chest":80,"minecraft:shield":19,"minecraft:stone":2,"minecraft:iron_sword":920,"securitycraft:reinforced_stone_brick_wall":31,"minecraft:lily_of_the_valley":7,"minecraft:brick_slab":52,"minecraft:carrot":3,"minecraft:axolotl_bucket":6,"minecraft:azure_bluet":4,"securitycraft:reinforced_deepslate_tiles":6,"minecraft:grass_block":1,"minecraft:lantern":29,"minecraft:birch_sapling":2,"minecraft:stone_brick_stairs":45,"minecraft:stone_bricks":89,"securitycraft:reinforced_polished_blackstone":355,"minecraft:magma_block":3,"minecraft:bow":3,"securitycraft:reinforced_spruce_fence":43,"minecraft:sweet_berries":80,"minecraft:oak_sapling":82,"minecraft:furnace":8,"minecraft:cooked_cod":22,"cataclysm:coral_spear":15,"minecraft:egg":8,"minecraft:potato":4,"minecraft:diorite":3,"minecraft:diamond_boots":1,"minecraft:stone_pickaxe":913,"securitycraft:reinforced_spruce_planks":350,"minecraft:oak_planks":51,"securitycraft:reinforced_stone_brick_slab":22,"twilightforest:uncrafting_table":1,"minecraft:wooden_pickaxe":23,"minecraft:diamond_axe":170,"minecraft:calibrated_sculk_sensor":1,"cataclysm:chiseled_stone_brick_pillar":1,"minecraft:oak_leaves":8,"minecraft:white_wool":1,"minecraft:sand":6,"securitycraft:reinforced_stripped_spruce_wood":169,"minecraft:mushroom_stew":1,"securitycraft:reinforced_spruce_fence_gate":102,"securitycraft:reinforced_blackstone_stairs":1,"minecraft:dripstone_block":2,"minecraft:shears":49,"waystones:waystone":5,"minecraft:crying_obsidian":2,"minecraft:bread":45,"minecraft:gravel":4,"minecraft:lilac":12,"minecraft:diamond_sword":68,"tombstone:decorative_subaraki_grave":146,"minecraft:andesite":296,"minecraft:chain":8,"minecraft:bone_meal":14,"minecraft:golden_pickaxe":32,"minecraft:oak_fence":51,"minecraft:rose_bush":16,"minecraft:stone_sword":116,"minecraft:flint_and_steel":9,"minecraft:armor_stand":1,"minecraft:stone_shovel":347,"minecraft:light_gray_carpet":3,"securitycraft:reinforced_spruce_button":114,"tombstone:fishing_rod_of_misadventure":286,"minecraft:cooked_salmon":1,"minecraft:cooked_chicken":12,"minecraft:netherrack":44,"minecraft:torch":165,"minecraft:dirt":276,"minecraft:white_carpet":11,"minecraft:diamond_helmet":1,"minecraft:granite":1,"minecraft:fern":13,"minecraft:shroomlight":20,"minecraft:stone_brick_slab":82,"minecraft:chipped_anvil":1,"minecraft:bookshelf":11,"minecraft:rooted_dirt":1,"securitycraft:reinforced_spruce_stairs":198,"minecraft:diamond_chestplate":1,"minecraft:basalt":6,"twilightforest:sorting_banister":2,"minecraft:goat_horn":8,"securitycraft:reinforced_glass":86,"tombstone:gift":11,"securitycraft:reinforced_stone_brick_stairs":29,"minecraft:cooked_beef":53,"minecraft:cobbled_deepslate":118,"cataclysm:remnant_skull":1,"minecraft:pointed_dripstone":3,"minecraft:cooked_mutton":22,"minecraft:water_bucket":5,"minecraft:baked_potato":37,"securitycraft:reinforced_chiseled_polished_blackstone":16,"securitycraft:reinforced_deepslate_brick_wall":5,"minecraft:stonecutter":3,"cataclysm:stone_pillar":1,"minecraft:rail":1,"securitycraft:reinforced_stone_bricks":149,"minecraft:crafting_table":23,"minecraft:red_bed":1,"minecraft:white_bed":2,"securitycraft:reinforced_blackstone":3,"minecraft:smoker":1,"minecraft:oak_log":4,"minecraft:diamond_pickaxe":14,"minecraft:cornflower":4,"minecraft:apple":12,"minecraft:command_block":1,"minecraft:iron_pickaxe":714,"minecraft:stone_slab":2,"minecraft:spruce_trapdoor":127,"minecraft:stone_axe":95,"enchantinginfuser:enchanting_infuser":1,"minecraft:cobblestone":155,"minecraft:bucket":11,"minecraft:pumpkin_pie":13,"minecraft:yellow_bed":7,"minecraft:dandelion":9,"minecraft:diamond_leggings":1,"securitycraft:reinforced_blackstone_slab":11},"minecraft:custom":{"lootr:looted_stat":82,"minecraft:interact_with_crafting_table":126,"minecraft:bell_ring":1,"minecraft:leave_game":33,"minecraft:time_since_death":478973,"minecraft:damage_resisted":269,"minecraft:sprint_one_cm":1878792,"minecraft:damage_blocked_by_shield":1275,"minecraft:drop":186,"minecraft:talked_to_villager":11,"minecraft:play_time":1234210,"minecraft:deaths":27,"minecraft:jump":23096,"minecraft:walk_on_water_one_cm":69495,"minecraft:enchant_item":12,"minecraft:interact_with_furnace":136,"twilightforest:uncrafting_table_interactions":1,"minecraft:sleep_in_bed":26,"minecraft:waystone_activated":17,"tombstone:sneak_grave":7,"minecraft:damage_dealt":48629,"minecraft:crouch_one_cm":80940,"tombstone:undead_killed":161,"minecraft:interact_with_smoker":21,"minecraft:mob_kills":267,"minecraft:interact_with_campfire":22,"minecraft:climb_one_cm":516,"minecraft:walk_one_cm":3553888,"tombstone:consume_soul":5,"minecraft:sneak_time":25982,"minecraft:walk_under_water_one_cm":85151,"minecraft:interact_with_blast_furnace":23,"minecraft:total_world_time":1234210,"tombstone:raider_killed":11,"minecraft:interact_with_grindstone":1,"minecraft:interact_with_stonecutter":16,"tombstone:free_soul":4,"minecraft:time_since_rest":156410,"minecraft:damage_taken":17985,"minecraft:swim_one_cm":125879,"minecraft:fly_one_cm":4641541,"minecraft:open_chest":201,"minecraft:fish_caught":139,"minecraft:fall_one_cm":820053},"minecraft:broken":{"minecraft:iron_boots":1,"minecraft:iron_chestplate":1,"minecraft:iron_leggings":1,"minecraft:stone_pickaxe":7,"minecraft:iron_sword":4,"minecraft:stone_shovel":2,"minecraft:stone_sword":1,"minecraft:iron_pickaxe":2,"minecraft:iron_helmet":1,"minecraft:golden_pickaxe":1},"minecraft:mined":{"minecraft:large_amethyst_bud":2,"minecraft:white_bed":2,"minecraft:oak_sapling":1,"minecraft:brewing_stand":1,"minecraft:obsidian":8,"minecraft:granite":3,"minecraft:grass_block":232,"minecraft:oxeye_daisy":2,"minecraft:spawner":6,"minecraft:iron_ore":178,"minecraft:cobbled_deepslate":6,"minecraft:fire":28,"minecraft:moss_carpet":1,"minecraft:deepslate_lapis_ore":9,"minecraft:azure_bluet":4,"minecraft:pointed_dripstone":4,"minecraft:deepslate_redstone_ore":10,"minecraft:smoker":1,"minecraft:amethyst_cluster":4,"minecraft:clay":34,"minecraft:torch":10,"minecraft:poppy":5,"minecraft:chest":18,"minecraft:dead_bush":14,"minecraft:nether_quartz_ore":27,"minecraft:cobblestone":8,"minecraft:oak_planks":3,"minecraft:damaged_anvil":1,"minecraft:wall_torch":5,"minecraft:birch_log":34,"minecraft:lilac":2,"minecraft:stone_brick_stairs":3,"minecraft:grass":89,"minecraft:oak_log":164,"minecraft:sand":4,"minecraft:dirt":81,"minecraft:stonecutter":1,"minecraft:netherrack":237,"minecraft:ancient_debris":1,"minecraft:oak_leaves":27,"minecraft:deepslate":258,"minecraft:infested_deepslate":1,"minecraft:crying_obsidian":5,"minecraft:tuff":3,"minecraft:deepslate_diamond_ore":4,"minecraft:spruce_leaves":18,"minecraft:moss_block":2,"minecraft:large_fern":12,"minecraft:hay_block":11,"minecraft:spore_blossom":1,"minecraft:redstone_ore":11,"minecraft:furnace":6,"minecraft:andesite":269,"minecraft:peony":8,"minecraft:potatoes":2,"minecraft:deepslate_iron_ore":22,"minecraft:stone":456,"minecraft:light_gray_carpet":1,"minecraft:lily_of_the_valley":7,"minecraft:stone_brick_slab":2,"minecraft:dandelion":9,"minecraft:crafting_table":14,"minecraft:cornflower":4,"minecraft:rose_bush":14,"minecraft:stone_slab":2,"minecraft:tall_grass":19,"minecraft:lapis_ore":21,"minecraft:deepslate_gold_ore":3,"minecraft:diorite":4,"minecraft:sweet_berry_bush":2,"minecraft:ice":1,"minecraft:spruce_log":9,"minecraft:yellow_bed":6,"minecraft:coal_ore":70,"minecraft:gravel":2,"minecraft:dripstone_block":2,"minecraft:cobweb":124,"minecraft:stone_bricks":4,"minecraft:chipped_anvil":1,"minecraft:gold_ore":27,"minecraft:fern":10},"minecraft:picked_up":{"minecraft:iron_chestplate":1,"minecraft:stone_slab":2,"minecraft:potion":13,"minecraft:stone_brick_stairs":4,"tombstone:grave_key":1,"minecraft:brewing_stand":1,"minecraft:string":189,"minecraft:iron_leggings":1,"minecraft:armor_stand":1,"minecraft:pufferfish":18,"minecraft:cobbled_deepslate":233,"minecraft:rose_bush":16,"minecraft:redstone_torch":1,"minecraft:azalea":2,"minecraft:iron_pickaxe":2,"minecraft:furnace":6,"minecraft:iron_boots":1,"minecraft:stick":42,"minecraft:big_dripleaf":3,"minecraft:oak_fence":3,"minecraft:torch":21,"cataclysm:chiseled_stone_brick_pillar":1,"minecraft:porkchop":23,"minecraft:pointed_dripstone":10,"tombstone:grave_dust":21,"minecraft:diorite":4,"tombstone:tablet_of_cupidity":2,"minecraft:rotten_flesh":107,"minecraft:tropical_fish":3,"artifacts:panic_necklace":1,"minecraft:obsidian":8,"minecraft:cod":78,"cataclysm:stone_pillar":1,"minecraft:cobblestone":497,"minecraft:birch_log":34,"minecraft:cooked_beef":5,"minecraft:feather":7,"minecraft:lilac":12,"minecraft:andesite":374,"minecraft:smoker":1,"minecraft:potato":7,"minecraft:tuff":5,"minecraft:lapis_lazuli":186,"minecraft:dirt":317,"tombstone:familiar_receptacle":3,"minecraft:leather_boots":11,"minecraft:bone":39,"minecraft:chipped_anvil":1,"minecraft:stonecutter":1,"minecraft:bow":5,"minecraft:wheat_seeds":12,"minecraft:raw_gold":30,"minecraft:moss_block":4,"minecraft:oak_planks":4,"minecraft:cooked_porkchop":3,"minecraft:sand":12,"minecraft:ink_sac":10,"minecraft:dead_bush":14,"minecraft:lily_of_the_valley":7,"minecraft:bundle":11,"minecraft:diamond":8,"waystones:waystone":5,"minecraft:miner_pottery_sherd":1,"minecraft:crossbow":1,"minecraft:granite":3,"minecraft:rooted_dirt":1,"minecraft:plenty_pottery_sherd":1,"minecraft:oak_sapling":86,"minecraft:light_gray_carpet":3,"minecraft:netherrack":172,"minecraft:oak_leaves":26,"minecraft:diamond_pickaxe":1,"minecraft:fishing_rod":1,"minecraft:crafting_table":13,"minecraft:azure_bluet":4,"minecraft:chicken":9,"minecraft:clay_ball":136,"minecraft:cornflower":4,"minecraft:moss_carpet":7,"minecraft:white_carpet":11,"minecraft:beef":45,"minecraft:poppy":5,"minecraft:sugar_cane":17,"minecraft:chest":18,"minecraft:birch_sapling":16,"minecraft:egg":9,"minecraft:raw_iron":199,"minecraft:stone":51,"minecraft:copper_ingot":1,"minecraft:bowl":10,"minecraft:carrot":2,"minecraft:redstone":93,"tombstone:lost_tablet":8,"minecraft:arrow":93,"minecraft:peony":8,"minecraft:hay_block":11,"tombstone:fishing_rod_of_misadventure":5,"mowziesmobs:ice_crystal":1,"tombstone:essence_of_undeath":4,"minecraft:mutton":5,"minecraft:rail":1,"minecraft:white_wool":19,"minecraft:heartbreak_pottery_sherd":1,"minecraft:glow_ink_sac":2,"minecraft:tripwire_hook":11,"minecraft:salmon":40,"minecraft:leather":53,"minecraft:fern":30,"minecraft:ancient_debris":1,"minecraft:oak_log":162,"minecraft:lily_pad":25,"minecraft:yellow_bed":7,"minecraft:gunpowder":4,"minecraft:paper":12,"minecraft:cooked_mutton":26,"minecraft:apple":9,"minecraft:stone_bricks":4,"minecraft:rabbit_hide":1,"artifacts:whoopee_cushion":1,"minecraft:iron_ingot":2,"minecraft:cooked_chicken":5,"minecraft:blade_pottery_sherd":1,"tombstone:bag_of_seeds":2,"minecraft:glass_bottle":1,"minecraft:iron_sword":1,"minecraft:flowering_azalea":1,"minecraft:book":1,"minecraft:sweet_berries":76,"minecraft:stone_brick_slab":8,"minecraft:quartz":27,"minecraft:dandelion":9,"minecraft:dripstone_block":2,"minecraft:gravel":5,"tombstone:decorative_subaraki_grave":32,"minecraft:amethyst_shard":16,"minecraft:prize_pottery_sherd":1,"minecraft:spruce_sapling":1,"cataclysm:remnant_skull":1,"minecraft:white_bed":2,"minecraft:spruce_log":9,"minecraft:crying_obsidian":5,"minecraft:spider_eye":11,"minecraft:brewer_pottery_sherd":2,"minecraft:pumpkin_seeds":5,"tombstone:scroll_of_knowledge":4,"minecraft:iron_helmet":1,"minecraft:diamond_axe":2,"minecraft:baked_potato":9,"tombstone:magic_scroll":4,"minecraft:damaged_anvil":1,"minecraft:coal":100},"minecraft:dropped":{"minecraft:cooked_beef":3,"minecraft:glass_bottle":1,"minecraft:brewer_pottery_sherd":2,"minecraft:leather":1,"minecraft:emerald":5,"minecraft:dirt":1,"minecraft:iron_pickaxe":1,"minecraft:fishing_rod":1,"minecraft:white_wool":1,"minecraft:bone":12,"minecraft:prize_pottery_sherd":1,"minecraft:stone_axe":1,"minecraft:rotten_flesh":41,"artifacts:villager_hat":1,"minecraft:oak_planks":11,"minecraft:cooked_mutton":4,"minecraft:blade_pottery_sherd":1,"minecraft:leather_boots":11,"minecraft:arrow":67,"minecraft:egg":1,"minecraft:bread":11,"minecraft:wheat_seeds":6,"minecraft:plenty_pottery_sherd":1,"minecraft:iron_helmet":1,"minecraft:golden_axe":1,"minecraft:feather":2,"minecraft:cobblestone":63,"artifacts:whoopee_cushion":1,"minecraft:granite":1,"minecraft:copper_ingot":1,"minecraft:tropical_fish":3,"minecraft:coal":18,"minecraft:stick":31,"minecraft:pufferfish":16,"minecraft:ink_sac":10,"minecraft:torch":7,"tombstone:grave_key":1,"artifacts:plastic_drinking_hat":1,"minecraft:map":1,"minecraft:potion":12,"tombstone:fishing_rod_of_misadventure":3,"tombstone:lost_tablet":2,"minecraft:string":190,"minecraft:tripwire_hook":11,"minecraft:lily_pad":23,"minecraft:stone_brick_slab":6,"minecraft:sweet_berries":5,"minecraft:bowl":11,"minecraft:iron_boots":1,"minecraft:pumpkin_seeds":5,"minecraft:filled_map":1,"minecraft:potato":6,"minecraft:shield":1,"minecraft:bundle":10,"minecraft:iron_chestplate":1,"minecraft:diamond_pickaxe":3,"minecraft:oak_sapling":4,"minecraft:miner_pottery_sherd":1,"artifacts:onion_ring":1,"minecraft:spider_eye":2,"tombstone:essence_of_undeath":3,"minecraft:bow":2,"minecraft:wooden_pickaxe":1,"minecraft:heartbreak_pottery_sherd":1,"tombstone:tablet_of_cupidity":1}},"DataVersion":3465}