{"stats":{"minecraft:used":{"minecraft:stone_sword":271,"minecraft:stone_shovel":554,"minecraft:ladder":5,"minecraft:chest":6,"minecraft:spruce_planks":68,"minecraft:shield":71,"minecraft:iron_sword":143,"minecraft:cooked_chicken":3,"minecraft:stone_hoe":155,"minecraft:torch":687,"minecraft:dirt":309,"securitycraft:keypad_item":2,"securitycraft:reinforced_stone":13,"minecraft:tuff":1,"minecraft:snowball":1,"securitycraft:reinforced_dirt":51,"minecraft:lantern":3,"minecraft:birch_sapling":3,"minecraft:bow":5,"minecraft:furnace":3,"securitycraft:laser_block":1,"tombstone:gift":5,"minecraft:egg":2,"minecraft:potato":151,"minecraft:cooked_beef":9,"minecraft:cobbled_deepslate":51,"minecraft:wheat_seeds":91,"minecraft:cooked_mutton":10,"minecraft:water_bucket":53,"minecraft:diorite":2,"minecraft:cobblestone_stairs":58,"minecraft:spruce_door":4,"securitycraft:reinforced_cobblestone":1,"minecraft:stone_pickaxe":1971,"minecraft:polished_andesite":411,"minecraft:baked_potato":67,"minecraft:wooden_pickaxe":4,"minecraft:cobblestone_slab":18,"minecraft:crafting_table":3,"minecraft:white_bed":2,"securitycraft:universal_block_remover":4,"tombstone:bag_of_seeds":4,"securitycraft:reinforced_grass_block":1,"minecraft:bread":2,"minecraft:iron_pickaxe":1110,"minecraft:string":1,"minecraft:spruce_sapling":27,"minecraft:stone_axe":137,"minecraft:cobblestone":309,"minecraft:cooked_porkchop":2,"minecraft:andesite":5,"minecraft:bucket":54,"minecraft:dandelion":1,"minecraft:bone_meal":12},"minecraft:dropped":{"minecraft:wheat_seeds":1,"minecraft:diamond":1,"minecraft:string":6},"minecraft:crafted":{"minecraft:cobblestone_slab":126,"minecraft:stone_shovel":5,"minecraft:iron_nugget":27,"minecraft:cooked_chicken":3,"minecraft:furnace":2,"minecraft:cobblestone_stairs":56,"minecraft:stone":62,"minecraft:bone_meal":12,"securitycraft:keypad_item":2,"minecraft:heavy_weighted_pressure_plate":2,"minecraft:cooked_mutton":5,"minecraft:glass_pane":48,"securitycraft:laser_block":2,"minecraft:glass":46,"minecraft:lantern":3,"minecraft:iron_boots":1,"securitycraft:universal_block_remover":1,"minecraft:ladder":18,"minecraft:stone_pickaxe":15,"minecraft:chest":6,"minecraft:redstone_block":2,"minecraft:stone_hoe":2,"minecraft:cooked_beef":9,"minecraft:cooked_porkchop":2,"minecraft:crafting_table":1,"minecraft:spruce_planks":412,"securitycraft:reinforced_stone_button":20,"minecraft:baked_potato":109,"minecraft:wooden_pickaxe":1,"minecraft:iron_helmet":1,"minecraft:iron_sword":1,"minecraft:spruce_door":3,"minecraft:bucket":1,"minecraft:birch_planks":24,"minecraft:stone_axe":1,"minecraft:bread":2,"minecraft:air":0,"minecraft:iron_chestplate":1,"minecraft:shield":2,"minecraft:stick":256,"minecraft:iron_ingot":179,"minecraft:iron_pickaxe":5,"minecraft:stone_sword":2,"minecraft:iron_leggings":1,"minecraft:white_bed":1,"minecraft:torch":644,"minecraft:shears":1,"securitycraft:universal_block_reinforcer_lvl1":1,"minecraft:polished_andesite":348},"minecraft:broken":{"minecraft:stone_sword":2,"minecraft:stone_hoe":1,"minecraft:stone_pickaxe":15,"minecraft:shield":1,"minecraft:iron_pickaxe":4,"minecraft:stone_shovel":4},"minecraft:killed_by":{"minecraft:creeper":2,"minecraft:skeleton":4,"artifacts:mimic":1},"minecraft:mined":{"minecraft:spruce_planks":2,"minecraft:white_bed":1,"minecraft:farmland":6,"minecraft:cobblestone_stairs":4,"minecraft:granite":242,"minecraft:grass_block":181,"minecraft:spruce_leaves":12,"minecraft:large_fern":2,"minecraft:redstone_ore":5,"minecraft:spruce_sapling":1,"minecraft:furnace":1,"minecraft:iron_ore":183,"minecraft:cobbled_deepslate":6,"minecraft:snow":6,"minecraft:andesite":575,"minecraft:pumpkin":5,"minecraft:potatoes":65,"minecraft:deepslate_iron_ore":24,"minecraft:dirt_path":24,"minecraft:stone":1487,"minecraft:tripwire":1,"minecraft:deepslate_redstone_ore":33,"minecraft:spruce_door":1,"minecraft:dandelion":1,"minecraft:crafting_table":2,"minecraft:torch":17,"minecraft:tall_grass":6,"minecraft:copper_ore":5,"minecraft:cobblestone":61,"minecraft:lapis_ore":5,"minecraft:deepslate_gold_ore":9,"minecraft:sugar_cane":1,"minecraft:diorite":31,"minecraft:wall_torch":8,"minecraft:birch_log":6,"minecraft:wheat":28,"minecraft:spruce_log":104,"minecraft:birch_leaves":2,"minecraft:grass":18,"minecraft:coal_ore":231,"minecraft:gravel":55,"minecraft:sand":48,"minecraft:dirt":212,"minecraft:polished_andesite":98,"minecraft:gold_ore":6,"minecraft:deepslate":69},"minecraft:killed":{"minecraft:spider":6,"minecraft:skeleton":23,"minecraft:chicken":3,"artifacts:mimic":1,"minecraft:pig":1,"minecraft:creeper":6,"minecraft:sheep":8,"minecraft:zombie":41,"minecraft:enderman":2,"minecraft:cow":4},"minecraft:custom":{"lootr:looted_stat":13,"minecraft:mob_kills":99,"minecraft:interact_with_crafting_table":100,"minecraft:leave_game":4,"minecraft:time_since_death":104768,"minecraft:climb_one_cm":12059,"minecraft:damage_resisted":12,"minecraft:sprint_one_cm":701611,"minecraft:walk_one_cm":1287841,"minecraft:damage_blocked_by_shield":4110,"minecraft:drop":3,"minecraft:play_time":422586,"minecraft:sneak_time":5033,"minecraft:deaths":7,"minecraft:walk_under_water_one_cm":31324,"minecraft:jump":3928,"minecraft:walk_on_water_one_cm":57340,"minecraft:total_world_time":422586,"minecraft:interact_with_furnace":87,"minecraft:interact_with_cartography_table":1,"minecraft:sleep_in_bed":3,"minecraft:time_since_rest":103475,"minecraft:waystone_activated":5,"minecraft:damage_taken":6940,"minecraft:damage_dealt":17682,"minecraft:swim_one_cm":12167,"minecraft:fly_one_cm":514200,"minecraft:open_chest":174,"minecraft:crouch_one_cm":13000,"tombstone:undead_killed":64,"minecraft:interact_with_smoker":1,"minecraft:fall_one_cm":93978},"minecraft:picked_up":{"minecraft:crafting_table":2,"minecraft:wheat":25,"minecraft:chicken":3,"securitycraft:laser_block":1,"minecraft:string":16,"minecraft:raw_copper":18,"securitycraft:reinforced_dirt":53,"minecraft:cobbled_deepslate":74,"minecraft:spruce_planks":2,"minecraft:beef":9,"minecraft:light_gray_wool":1,"minecraft:sugar_cane":3,"minecraft:birch_sapling":3,"minecraft:furnace":1,"minecraft:egg":3,"minecraft:stick":13,"minecraft:raw_iron":204,"securitycraft:reinforced_cobblestone":2,"minecraft:torch":48,"minecraft:porkchop":2,"tombstone:grave_dust":6,"minecraft:diorite":35,"minecraft:redstone":171,"minecraft:arrow":17,"minecraft:rotten_flesh":37,"artifacts:running_shoes":1,"minecraft:mutton":10,"minecraft:snowball":7,"minecraft:white_wool":6,"minecraft:cobblestone":1563,"minecraft:birch_log":6,"minecraft:feather":4,"minecraft:glow_ink_sac":2,"minecraft:andesite":575,"minecraft:leather":4,"minecraft:potato":243,"minecraft:flint":5,"minecraft:tuff":1,"minecraft:gunpowder":6,"minecraft:cobblestone_stairs":4,"securitycraft:reinforced_glass":4,"minecraft:lapis_lazuli":30,"minecraft:dirt":442,"minecraft:cooked_mutton":5,"minecraft:bone":23,"minecraft:bow":2,"minecraft:wheat_seeds":92,"minecraft:raw_gold":15,"tombstone:bag_of_seeds":2,"minecraft:pumpkin":4,"minecraft:dandelion":1,"minecraft:poisonous_potato":2,"minecraft:gravel":64,"minecraft:sand":46,"minecraft:spruce_sapling":30,"minecraft:grass_block":1,"securitycraft:reinforced_stone":62,"minecraft:white_bed":1,"minecraft:spruce_log":103,"minecraft:spruce_door":1,"minecraft:spider_eye":2,"minecraft:polished_andesite":98,"securitycraft:reinforced_grass_block":1,"minecraft:diamond":1,"minecraft:granite":242,"minecraft:gray_wool":1,"tombstone:magic_scroll":4,"minecraft:coal":268}},"DataVersion":3465}